entidad,anio,viviendas_registradas,indice_valor_uma,inpc_nacional,tasa_objetivo,cetes_91d,inflacion_subyacente_anual
AGUASCALIENTES,2016,7511,170.520237,90.12791667,4.358076923,2.350833333,4.16297619
AGUASCALIENTES,2017,5118,176.4274131,95.573,6.883076923,10.29916667,6.711513944
AGUASCALIENTES,2018,7003,177.4726546,100.2553333,7.841320755,8.175833333,7.694342629
AGUASCALIENTES,2019,6810,178.1283407,103.9006667,7.917884615,3.4825,8.104302789
AGUASCALIENTES,2020,5742,182.233194,107.43,5.287692308,2.300833333,5.498134921
AGUASCALIENTES,2021,6644,180.0636665,113.5419167,4.640769231,8.849166667,4.40541502
AGUASCALIENTES,2022,4887,191.5322284,122.5075,8.278269231,8.866666667,7.656547619
AGUASCALIENTES,2023,5531,190.2503164,129.2796667,11.35519231,1.993333333,11.1487251
AGUASCALIENTES,2024,2682,189.4082774,135.3845833,10.85283019,6.538333333,10.89749004
AGUASCALIENTES,2025,4971,189.7135385,140.5421667,8.154038462,2.839166667,8.410278884
BAJA CALIFORNIA,2016,8626,182.284141,90.12791667,4.358076923,2.350833333,4.16297619
BAJA CALIFORNIA,2017,6363,187.5289958,95.573,6.883076923,10.29916667,6.711513944
BAJA CALIFORNIA,2018,7596,190.5448262,100.2553333,7.841320755,8.175833333,7.694342629
BAJA CALIFORNIA,2019,5992,194.3296061,103.9006667,7.917884615,3.4825,8.104302789
BAJA CALIFORNIA,2020,6228,197.4400289,107.43,5.287692308,2.300833333,5.498134921
BAJA CALIFORNIA,2021,9659,198.9715809,113.5419167,4.640769231,8.849166667,4.40541502
BAJA CALIFORNIA,2022,4678,198.488136,122.5075,8.278269231,8.866666667,7.656547619
BAJA CALIFORNIA,2023,8944,199.80786,129.2796667,11.35519231,1.993333333,11.1487251
BAJA CALIFORNIA,2024,5757,199.9878409,135.3845833,10.85283019,6.538333333,10.89749004
BAJA CALIFORNIA,2025,8019,199.8603317,140.5421667,8.154038462,2.839166667,8.410278884
BAJA CALIFORNIA SUR,2016,2974,185.6682919,90.12791667,4.358076923,2.350833333,4.16297619
BAJA CALIFORNIA SUR,2017,1560,190.3740385,95.573,6.883076923,10.29916667,6.711513944
BAJA CALIFORNIA SUR,2018,2122,191.4196513,100.2553333,7.841320755,8.175833333,7.694342629
BAJA CALIFORNIA SUR,2019,1574,196.3262389,103.9006667,7.917884615,3.4825,8.104302789
BAJA CALIFORNIA SUR,2020,1220,197.9110656,107.43,5.287692308,2.300833333,5.498134921
BAJA CALIFORNIA SUR,2021,1345,198.0498141,113.5419167,4.640769231,8.849166667,4.40541502
BAJA CALIFORNIA SUR,2022,812,198.0424877,122.5075,8.278269231,8.866666667,7.656547619
BAJA CALIFORNIA SUR,2023,1079,191.42076,129.2796667,11.35519231,1.993333333,11.1487251
BAJA CALIFORNIA SUR,2024,990,192.9762626,135.3845833,10.85283019,6.538333333,10.89749004
BAJA CALIFORNIA SUR,2025,776,189.0180412,140.5421667,8.154038462,2.839166667,8.410278884
CAMPECHE,2016,785,187.2834395,90.12791667,4.358076923,2.350833333,4.16297619
CAMPECHE,2017,661,184.2564297,95.573,6.883076923,10.29916667,6.711513944
CAMPECHE,2018,211,162.2938389,100.2553333,7.841320755,8.175833333,7.694342629
CAMPECHE,2019,118,148.8983051,103.9006667,7.917884615,3.4825,8.104302789
CAMPECHE,2020,151,182.6291391,107.43,5.287692308,2.300833333,5.498134921
CAMPECHE,2021,85,194.0882353,113.5419167,4.640769231,8.849166667,4.40541502
CAMPECHE,2022,142,200,122.5075,8.278269231,8.866666667,7.656547619
CAMPECHE,2023,203,118.3004926,129.2796667,11.35519231,1.993333333,11.1487251
CAMPECHE,2024,175,106.7428571,135.3845833,10.85283019,6.538333333,10.89749004
CAMPECHE,2025,32,200,140.5421667,8.154038462,2.839166667,8.410278884
CHIAPAS,2016,2597,187.5618021,90.12791667,4.358076923,2.350833333,4.16297619
CHIAPAS,2017,2315,168.3563715,95.573,6.883076923,10.29916667,6.711513944
CHIAPAS,2018,1499,177.3092061,100.2553333,7.841320755,8.175833333,7.694342629
CHIAPAS,2019,878,195.0546697,103.9006667,7.917884615,3.4825,8.104302789
CHIAPAS,2020,1100,189.2954545,107.43,5.287692308,2.300833333,5.498134921
CHIAPAS,2021,855,186.1473684,113.5419167,4.640769231,8.849166667,4.40541502
CHIAPAS,2022,1102,194.0585299,122.5075,8.278269231,8.866666667,7.656547619
CHIAPAS,2023,1701,194.8877131,129.2796667,11.35519231,1.993333333,11.1487251
CHIAPAS,2024,1112,192.732464,135.3845833,10.85283019,6.538333333,10.89749004
CHIAPAS,2025,14253,168.0083842,140.5421667,8.154038462,2.839166667,8.410278884
CHIHUAHUA,2016,9211,170.3569102,90.12791667,4.358076923,2.350833333,4.16297619
CHIHUAHUA,2017,7479,177.7966974,95.573,6.883076923,10.29916667,6.711513944
CHIHUAHUA,2018,9481,181.9399325,100.2553333,7.841320755,8.175833333,7.694342629
CHIHUAHUA,2019,5361,184.7427719,103.9006667,7.917884615,3.4825,8.104302789
CHIHUAHUA,2020,6574,190.5143748,107.43,5.287692308,2.300833333,5.498134921
CHIHUAHUA,2021,7828,194.7950307,113.5419167,4.640769231,8.849166667,4.40541502
CHIHUAHUA,2022,3761,189.2156341,122.5075,8.278269231,8.866666667,7.656547619
CHIHUAHUA,2023,6256,194.0832001,129.2796667,11.35519231,1.993333333,11.1487251
CHIHUAHUA,2024,6382,195.5391727,135.3845833,10.85283019,6.538333333,10.89749004
CHIHUAHUA,2025,8174,190.8947884,140.5421667,8.154038462,2.839166667,8.410278884
CIUDAD DE MEXICO,2016,8961,199.4339917,90.12791667,4.358076923,2.350833333,4.16297619
CIUDAD DE MEXICO,2017,8163,199.6100086,95.573,6.883076923,10.29916667,6.711513944
CIUDAD DE MEXICO,2018,10857,199.9781708,100.2553333,7.841320755,8.175833333,7.694342629
CIUDAD DE MEXICO,2019,4449,199.9617892,103.9006667,7.917884615,3.4825,8.104302789
CIUDAD DE MEXICO,2020,4118,199.9632103,107.43,5.287692308,2.300833333,5.498134921
CIUDAD DE MEXICO,2021,5496,199.9381368,113.5419167,4.640769231,8.849166667,4.40541502
CIUDAD DE MEXICO,2022,3924,200,122.5075,8.278269231,8.866666667,7.656547619
CIUDAD DE MEXICO,2023,4691,200,129.2796667,11.35519231,1.993333333,11.1487251
CIUDAD DE MEXICO,2024,3232,196.5725557,135.3845833,10.85283019,6.538333333,10.89749004
CIUDAD DE MEXICO,2025,4123,197.0897405,140.5421667,8.154038462,2.839166667,8.410278884
COAHUILA DE ZARAGOZA,2016,11128,171.1350647,90.12791667,4.358076923,2.350833333,4.16297619
COAHUILA DE ZARAGOZA,2017,10966,172.8592924,95.573,6.883076923,10.29916667,6.711513944
COAHUILA DE ZARAGOZA,2018,11975,172.5650522,100.2553333,7.841320755,8.175833333,7.694342629
COAHUILA DE ZARAGOZA,2019,7660,178.3429504,103.9006667,7.917884615,3.4825,8.104302789
COAHUILA DE ZARAGOZA,2020,7570,179.8849406,107.43,5.287692308,2.300833333,5.498134921
COAHUILA DE ZARAGOZA,2021,12393,180.2906883,113.5419167,4.640769231,8.849166667,4.40541502
COAHUILA DE ZARAGOZA,2022,6088,191.241705,122.5075,8.278269231,8.866666667,7.656547619
COAHUILA DE ZARAGOZA,2023,6630,185.1662142,129.2796667,11.35519231,1.993333333,11.1487251
COAHUILA DE ZARAGOZA,2024,8420,181.6302257,135.3845833,10.85283019,6.538333333,10.89749004
COAHUILA DE ZARAGOZA,2025,13415,183.3081625,140.5421667,8.154038462,2.839166667,8.410278884
COLIMA,2016,3629,177.7408377,90.12791667,4.358076923,2.350833333,4.16297619
COLIMA,2017,4074,178.7566274,95.573,6.883076923,10.29916667,6.711513944
COLIMA,2018,2811,183.445571,100.2553333,7.841320755,8.175833333,7.694342629
COLIMA,2019,2086,189.4256951,103.9006667,7.917884615,3.4825,8.104302789
COLIMA,2020,2248,181.3607651,107.43,5.287692308,2.300833333,5.498134921
COLIMA,2021,2141,191.8489024,113.5419167,4.640769231,8.849166667,4.40541502
COLIMA,2022,1783,193.064498,122.5075,8.278269231,8.866666667,7.656547619
COLIMA,2023,1977,191.7448154,129.2796667,11.35519231,1.993333333,11.1487251
COLIMA,2024,1580,193.1186709,135.3845833,10.85283019,6.538333333,10.89749004
COLIMA,2025,3562,182.285233,140.5421667,8.154038462,2.839166667,8.410278884
DURANGO,2016,2998,155.1365911,90.12791667,4.358076923,2.350833333,4.16297619
DURANGO,2017,1953,173.6390169,95.573,6.883076923,10.29916667,6.711513944
DURANGO,2018,3851,149.8164113,100.2553333,7.841320755,8.175833333,7.694342629
DURANGO,2019,2743,167.579475,103.9006667,7.917884615,3.4825,8.104302789
DURANGO,2020,3031,163.1732102,107.43,5.287692308,2.300833333,5.498134921
DURANGO,2021,3396,166.9387515,113.5419167,4.640769231,8.849166667,4.40541502
DURANGO,2022,2545,173.5954813,122.5075,8.278269231,8.866666667,7.656547619
DURANGO,2023,3854,142.984302,129.2796667,11.35519231,1.993333333,11.1487251
DURANGO,2024,3503,157.6307451,135.3845833,10.85283019,6.538333333,10.89749004
DURANGO,2025,2912,171.334478,140.5421667,8.154038462,2.839166667,8.410278884
GUANAJUATO,2016,21063,177.6474624,90.12791667,4.358076923,2.350833333,4.16297619
GUANAJUATO,2017,13072,184.6797736,95.573,6.883076923,10.29916667,6.711513944
GUANAJUATO,2018,14772,180.5740252,100.2553333,7.841320755,8.175833333,7.694342629
GUANAJUATO,2019,13351,182.81889,103.9006667,7.917884615,3.4825,8.104302789
GUANAJUATO,2020,10243,183.0140584,107.43,5.287692308,2.300833333,5.498134921
GUANAJUATO,2021,14780,187.8369756,113.5419167,4.640769231,8.849166667,4.40541502
GUANAJUATO,2022,7144,190.4767637,122.5075,8.278269231,8.866666667,7.656547619
GUANAJUATO,2023,8781,187.9571803,129.2796667,11.35519231,1.993333333,11.1487251
GUANAJUATO,2024,13055,181.7451934,135.3845833,10.85283019,6.538333333,10.89749004
GUANAJUATO,2025,13199,185.8384726,140.5421667,8.154038462,2.839166667,8.410278884
GUERRERO,2016,2918,181.8630912,90.12791667,4.358076923,2.350833333,4.16297619
GUERRERO,2017,1567,195.8982131,95.573,6.883076923,10.29916667,6.711513944
GUERRERO,2018,1933,174.7897051,100.2553333,7.841320755,8.175833333,7.694342629
GUERRERO,2019,1595,196.9962382,103.9006667,7.917884615,3.4825,8.104302789
GUERRERO,2020,1055,197.5436019,107.43,5.287692308,2.300833333,5.498134921
GUERRERO,2021,3140,198.3321656,113.5419167,4.640769231,8.849166667,4.40541502
GUERRERO,2022,463,196.2667387,122.5075,8.278269231,8.866666667,7.656547619
GUERRERO,2023,679,189.7231222,129.2796667,11.35519231,1.993333333,11.1487251
GUERRERO,2024,679,195.2746686,135.3845833,10.85283019,6.538333333,10.89749004
GUERRERO,2025,8765,191.4792926,140.5421667,8.154038462,2.839166667,8.410278884
HIDALGO,2016,13227,168.3921146,90.12791667,4.358076923,2.350833333,4.16297619
HIDALGO,2017,8940,165.5010626,95.573,6.883076923,10.29916667,6.711513944
HIDALGO,2018,11108,181.6809057,100.2553333,7.841320755,8.175833333,7.694342629
HIDALGO,2019,8051,193.8929947,103.9006667,7.917884615,3.4825,8.104302789
HIDALGO,2020,5432,188.6031848,107.43,5.287692308,2.300833333,5.498134921
HIDALGO,2021,11686,195.906127,113.5419167,4.640769231,8.849166667,4.40541502
HIDALGO,2022,5287,197.5696993,122.5075,8.278269231,8.866666667,7.656547619
HIDALGO,2023,7130,195.7400421,129.2796667,11.35519231,1.993333333,11.1487251
HIDALGO,2024,9526,194.0356393,135.3845833,10.85283019,6.538333333,10.89749004
HIDALGO,2025,7055,197.9009922,140.5421667,8.154038462,2.839166667,8.410278884
JALISCO,2016,31073,167.2523252,90.12791667,4.358076923,2.350833333,4.16297619
JALISCO,2017,26286,174.0262307,95.573,6.883076923,10.29916667,6.711513944
JALISCO,2018,20070,177.8010463,100.2553333,7.841320755,8.175833333,7.694342629
JALISCO,2019,17231,179.1355406,103.9006667,7.917884615,3.4825,8.104302789
JALISCO,2020,13602,180.6659682,107.43,5.287692308,2.300833333,5.498134921
JALISCO,2021,17619,185.2502696,113.5419167,4.640769231,8.849166667,4.40541502
JALISCO,2022,14763,190.3569396,122.5075,8.278269231,8.866666667,7.656547619
JALISCO,2023,12160,179.0583882,129.2796667,11.35519231,1.993333333,11.1487251
JALISCO,2024,17001,174.794718,135.3845833,10.85283019,6.538333333,10.89749004
JALISCO,2025,18246,166.5696043,140.5421667,8.154038462,2.839166667,8.410278884
MEXICO,2016,24155,192.5427241,90.12791667,4.358076923,2.350833333,4.16297619
MEXICO,2017,18245,190.5371609,95.573,6.883076923,10.29916667,6.711513944
MEXICO,2018,14687,189.5578062,100.2553333,7.841320755,8.175833333,7.694342629
MEXICO,2019,8337,192.7214825,103.9006667,7.917884615,3.4825,8.104302789
MEXICO,2020,12563,195.3895566,107.43,5.287692308,2.300833333,5.498134921
MEXICO,2021,23884,197.6804346,113.5419167,4.640769231,8.849166667,4.40541502
MEXICO,2022,6877,195.1262178,122.5075,8.278269231,8.866666667,7.656547619
MEXICO,2023,7789,196.1111824,129.2796667,11.35519231,1.993333333,11.1487251
MEXICO,2024,13098,195.9863338,135.3845833,10.85283019,6.538333333,10.89749004
MEXICO,2025,9578,198.5002088,140.5421667,8.154038462,2.839166667,8.410278884
MICHOACAN DE OCAMPO,2016,4569,173.9858831,90.12791667,4.358076923,2.350833333,4.16297619
MICHOACAN DE OCAMPO,2017,5421,181.169157,95.573,6.883076923,10.29916667,6.711513944
MICHOACAN DE OCAMPO,2018,6891,175.308083,100.2553333,7.841320755,8.175833333,7.694342629
MICHOACAN DE OCAMPO,2019,3308,178.3860339,103.9006667,7.917884615,3.4825,8.104302789
MICHOACAN DE OCAMPO,2020,2961,182.7161432,107.43,5.287692308,2.300833333,5.498134921
MICHOACAN DE OCAMPO,2021,2750,186.4712727,113.5419167,4.640769231,8.849166667,4.40541502
MICHOACAN DE OCAMPO,2022,3005,186.3193012,122.5075,8.278269231,8.866666667,7.656547619
MICHOACAN DE OCAMPO,2023,3018,190.6557323,129.2796667,11.35519231,1.993333333,11.1487251
MICHOACAN DE OCAMPO,2024,2876,191.5026078,135.3845833,10.85283019,6.538333333,10.89749004
MICHOACAN DE OCAMPO,2025,12672,174.6251184,140.5421667,8.154038462,2.839166667,8.410278884
MORELOS,2016,4331,196.2393212,90.12791667,4.358076923,2.350833333,4.16297619
MORELOS,2017,3584,197.734375,95.573,6.883076923,10.29916667,6.711513944
MORELOS,2018,3729,197.8680611,100.2553333,7.841320755,8.175833333,7.694342629
MORELOS,2019,1189,200,103.9006667,7.917884615,3.4825,8.104302789
MORELOS,2020,2040,196.4595588,107.43,5.287692308,2.300833333,5.498134921
MORELOS,2021,1991,196.0615269,113.5419167,4.640769231,8.849166667,4.40541502
MORELOS,2022,2051,200,122.5075,8.278269231,8.866666667,7.656547619
MORELOS,2023,2029,199.6895022,129.2796667,11.35519231,1.993333333,11.1487251
MORELOS,2024,1613,199.8822071,135.3845833,10.85283019,6.538333333,10.89749004
MORELOS,2025,2411,192.6636251,140.5421667,8.154038462,2.839166667,8.410278884
NAYARIT,2016,2077,180.8071738,90.12791667,4.358076923,2.350833333,4.16297619
NAYARIT,2017,2116,182.2783554,95.573,6.883076923,10.29916667,6.711513944
NAYARIT,2018,1955,193.3754476,100.2553333,7.841320755,8.175833333,7.694342629
NAYARIT,2019,2257,198.0445281,103.9006667,7.917884615,3.4825,8.104302789
NAYARIT,2020,1724,195.9892691,107.43,5.287692308,2.300833333,5.498134921
NAYARIT,2021,2071,198.4775471,113.5419167,4.640769231,8.849166667,4.40541502
NAYARIT,2022,2778,195.9447444,122.5075,8.278269231,8.866666667,7.656547619
NAYARIT,2023,1938,195.2371001,129.2796667,11.35519231,1.993333333,11.1487251
NAYARIT,2024,1526,199.4495413,135.3845833,10.85283019,6.538333333,10.89749004
NAYARIT,2025,1441,197.6828591,140.5421667,8.154038462,2.839166667,8.410278884
NUEVO LEON,2016,37216,170.8513677,90.12791667,4.358076923,2.350833333,4.16297619
NUEVO LEON,2017,33981,169.2219476,95.573,6.883076923,10.29916667,6.711513944
NUEVO LEON,2018,38714,172.0255592,100.2553333,7.841320755,8.175833333,7.694342629
NUEVO LEON,2019,26570,175.940271,103.9006667,7.917884615,3.4825,8.104302789
NUEVO LEON,2020,31382,181.0624881,107.43,5.287692308,2.300833333,5.498134921
NUEVO LEON,2021,44001,184.3840595,113.5419167,4.640769231,8.849166667,4.40541502
NUEVO LEON,2022,23888,186.441749,122.5075,8.278269231,8.866666667,7.656547619
NUEVO LEON,2023,23324,186.2132139,129.2796667,11.35519231,1.993333333,11.1487251
NUEVO LEON,2024,27698,189.196711,135.3845833,10.85283019,6.538333333,10.89749004
NUEVO LEON,2025,27432,183.6031095,140.5421667,8.154038462,2.839166667,8.410278884
OAXACA,2016,1351,180.3179127,90.12791667,4.358076923,2.350833333,4.16297619
OAXACA,2017,1633,166.62921,95.573,6.883076923,10.29916667,6.711513944
OAXACA,2018,242,200,100.2553333,7.841320755,8.175833333,7.694342629
OAXACA,2019,1204,197.8326412,103.9006667,7.917884615,3.4825,8.104302789
OAXACA,2020,516,193.3527132,107.43,5.287692308,2.300833333,5.498134921
OAXACA,2021,478,180.8410042,113.5419167,4.640769231,8.849166667,4.40541502
OAXACA,2022,602,193.0564784,122.5075,8.278269231,8.866666667,7.656547619
OAXACA,2023,521,186.1880998,129.2796667,11.35519231,1.993333333,11.1487251
OAXACA,2024,690,177.3565217,135.3845833,10.85283019,6.538333333,10.89749004
OAXACA,2025,1991,170.050226,140.5421667,8.154038462,2.839166667,8.410278884
PUEBLA,2016,11344,173.6339915,90.12791667,4.358076923,2.350833333,4.16297619
PUEBLA,2017,6788,182.9675899,95.573,6.883076923,10.29916667,6.711513944
PUEBLA,2018,8192,181.4917603,100.2553333,7.841320755,8.175833333,7.694342629
PUEBLA,2019,9730,185.7966084,103.9006667,7.917884615,3.4825,8.104302789
PUEBLA,2020,4619,187.5002165,107.43,5.287692308,2.300833333,5.498134921
PUEBLA,2021,5634,191.1495385,113.5419167,4.640769231,8.849166667,4.40541502
PUEBLA,2022,2893,193.9403733,122.5075,8.278269231,8.866666667,7.656547619
PUEBLA,2023,5295,185.7020774,129.2796667,11.35519231,1.993333333,11.1487251
PUEBLA,2024,5740,190.9545296,135.3845833,10.85283019,6.538333333,10.89749004
PUEBLA,2025,4589,187.0999128,140.5421667,8.154038462,2.839166667,8.410278884
QUERETARO,2016,11653,194.3820475,90.12791667,4.358076923,2.350833333,4.16297619
QUERETARO,2017,11416,196.8312894,95.573,6.883076923,10.29916667,6.711513944
QUERETARO,2018,10018,198.7980635,100.2553333,7.841320755,8.175833333,7.694342629
QUERETARO,2019,7700,199.6974026,103.9006667,7.917884615,3.4825,8.104302789
QUERETARO,2020,5414,198.6231068,107.43,5.287692308,2.300833333,5.498134921
QUERETARO,2021,10566,199.8363619,113.5419167,4.640769231,8.849166667,4.40541502
QUERETARO,2022,4135,199.7700121,122.5075,8.278269231,8.866666667,7.656547619
QUERETARO,2023,8024,199.9504611,129.2796667,11.35519231,1.993333333,11.1487251
QUERETARO,2024,4313,199.2980524,135.3845833,10.85283019,6.538333333,10.89749004
QUERETARO,2025,7957,193.5063466,140.5421667,8.154038462,2.839166667,8.410278884
QUINTANA ROO,2016,20765,169.3057549,90.12791667,4.358076923,2.350833333,4.16297619
QUINTANA ROO,2017,25153,180.9577188,95.573,6.883076923,10.29916667,6.711513944
QUINTANA ROO,2018,19537,179.237063,100.2553333,7.841320755,8.175833333,7.694342629
QUINTANA ROO,2019,13579,186.2033287,103.9006667,7.917884615,3.4825,8.104302789
QUINTANA ROO,2020,13519,193.1582218,107.43,5.287692308,2.300833333,5.498134921
QUINTANA ROO,2021,15939,193.4334023,113.5419167,4.640769231,8.849166667,4.40541502
QUINTANA ROO,2022,9886,182.0443557,122.5075,8.278269231,8.866666667,7.656547619
QUINTANA ROO,2023,11448,188.3970999,129.2796667,11.35519231,1.993333333,11.1487251
QUINTANA ROO,2024,8745,182.5415666,135.3845833,10.85283019,6.538333333,10.89749004
QUINTANA ROO,2025,14374,186.3063865,140.5421667,8.154038462,2.839166667,8.410278884
SAN LUIS POTOSI,2016,6570,186.757382,90.12791667,4.358076923,2.350833333,4.16297619
SAN LUIS POTOSI,2017,3432,191.6691434,95.573,6.883076923,10.29916667,6.711513944
SAN LUIS POTOSI,2018,5247,192.2051649,100.2553333,7.841320755,8.175833333,7.694342629
SAN LUIS POTOSI,2019,2911,194.4191,103.9006667,7.917884615,3.4825,8.104302789
SAN LUIS POTOSI,2020,4836,194.9644334,107.43,5.287692308,2.300833333,5.498134921
SAN LUIS POTOSI,2021,4805,193.5610822,113.5419167,4.640769231,8.849166667,4.40541502
SAN LUIS POTOSI,2022,3079,195.2330302,122.5075,8.278269231,8.866666667,7.656547619
SAN LUIS POTOSI,2023,3781,193.3204179,129.2796667,11.35519231,1.993333333,11.1487251
SAN LUIS POTOSI,2024,3910,193.6750639,135.3845833,10.85283019,6.538333333,10.89749004
SAN LUIS POTOSI,2025,3936,186.4075203,140.5421667,8.154038462,2.839166667,8.410278884
SINALOA,2016,10042,176.9542422,90.12791667,4.358076923,2.350833333,4.16297619
SINALOA,2017,6862,181.9546779,95.573,6.883076923,10.29916667,6.711513944
SINALOA,2018,9174,177.6265533,100.2553333,7.841320755,8.175833333,7.694342629
SINALOA,2019,5977,185.0840723,103.9006667,7.917884615,3.4825,8.104302789
SINALOA,2020,5860,186.9506826,107.43,5.287692308,2.300833333,5.498134921
SINALOA,2021,7115,188.70513,113.5419167,4.640769231,8.849166667,4.40541502
SINALOA,2022,5757,192.9973945,122.5075,8.278269231,8.866666667,7.656547619
SINALOA,2023,4524,196.0333775,129.2796667,11.35519231,1.993333333,11.1487251
SINALOA,2024,4154,193.3843284,135.3845833,10.85283019,6.538333333,10.89749004
SINALOA,2025,11698,178.8587793,140.5421667,8.154038462,2.839166667,8.410278884
SONORA,2016,9752,178.024918,90.12791667,4.358076923,2.350833333,4.16297619
SONORA,2017,5858,182.0247525,95.573,6.883076923,10.29916667,6.711513944
SONORA,2018,6813,185.8184353,100.2553333,7.841320755,8.175833333,7.694342629
SONORA,2019,4927,191.596712,103.9006667,7.917884615,3.4825,8.104302789
SONORA,2020,4854,190.6962299,107.43,5.287692308,2.300833333,5.498134921
SONORA,2021,7650,194.489281,113.5419167,4.640769231,8.849166667,4.40541502
SONORA,2022,5513,193.2061491,122.5075,8.278269231,8.866666667,7.656547619
SONORA,2023,4944,195.0518811,129.2796667,11.35519231,1.993333333,11.1487251
SONORA,2024,5861,193.3068589,135.3845833,10.85283019,6.538333333,10.89749004
SONORA,2025,8486,185.7975489,140.5421667,8.154038462,2.839166667,8.410278884
TABASCO,2016,3449,169.5536387,90.12791667,4.358076923,2.350833333,4.16297619
TABASCO,2017,499,194.0641283,95.573,6.883076923,10.29916667,6.711513944
TABASCO,2018,1043,158.7080537,100.2553333,7.841320755,8.175833333,7.694342629
TABASCO,2019,1222,183.8297872,103.9006667,7.917884615,3.4825,8.104302789
TABASCO,2020,531,188.4199623,107.43,5.287692308,2.300833333,5.498134921
TABASCO,2021,1472,164.357337,113.5419167,4.640769231,8.849166667,4.40541502
TABASCO,2022,139,179.4316547,122.5075,8.278269231,8.866666667,7.656547619
TABASCO,2023,240,130.9333333,129.2796667,11.35519231,1.993333333,11.1487251
TABASCO,2024,650,117.5538462,135.3845833,10.85283019,6.538333333,10.89749004
TABASCO,2025,14440,166.4575139,140.5421667,8.154038462,2.839166667,8.410278884
TAMAULIPAS,2016,11240,159.2736655,90.12791667,4.358076923,2.350833333,4.16297619
TAMAULIPAS,2017,8073,159.6494488,95.573,6.883076923,10.29916667,6.711513944
TAMAULIPAS,2018,8772,163.8682741,100.2553333,7.841320755,8.175833333,7.694342629
TAMAULIPAS,2019,8609,172.3860495,103.9006667,7.917884615,3.4825,8.104302789
TAMAULIPAS,2020,8676,174.9384509,107.43,5.287692308,2.300833333,5.498134921
TAMAULIPAS,2021,12318,182.7713509,113.5419167,4.640769231,8.849166667,4.40541502
TAMAULIPAS,2022,6800,185.3060294,122.5075,8.278269231,8.866666667,7.656547619
TAMAULIPAS,2023,9037,185.3292575,129.2796667,11.35519231,1.993333333,11.1487251
TAMAULIPAS,2024,10074,185.1530673,135.3845833,10.85283019,6.538333333,10.89749004
TAMAULIPAS,2025,33765,173.4497557,140.5421667,8.154038462,2.839166667,8.410278884
TLAXCALA,2016,1154,146.5099653,90.12791667,4.358076923,2.350833333,4.16297619
TLAXCALA,2017,872,157.0676606,95.573,6.883076923,10.29916667,6.711513944
TLAXCALA,2018,847,156.3559622,100.2553333,7.841320755,8.175833333,7.694342629
TLAXCALA,2019,678,166.4778761,103.9006667,7.917884615,3.4825,8.104302789
TLAXCALA,2020,1277,152.1018011,107.43,5.287692308,2.300833333,5.498134921
TLAXCALA,2021,1035,146.7202899,113.5419167,4.640769231,8.849166667,4.40541502
TLAXCALA,2022,473,160.2938689,122.5075,8.278269231,8.866666667,7.656547619
TLAXCALA,2023,619,157.3449111,129.2796667,11.35519231,1.993333333,11.1487251
TLAXCALA,2024,992,142.2207661,135.3845833,10.85283019,6.538333333,10.89749004
TLAXCALA,2025,719,155.659249,140.5421667,8.154038462,2.839166667,8.410278884
VERACRUZ DE IGNACIO DE LA LLAVE,2016,8598,165.356013,90.12791667,4.358076923,2.350833333,4.16297619
VERACRUZ DE IGNACIO DE LA LLAVE,2017,7847,176.5821333,95.573,6.883076923,10.29916667,6.711513944
VERACRUZ DE IGNACIO DE LA LLAVE,2018,7111,175.0828294,100.2553333,7.841320755,8.175833333,7.694342629
VERACRUZ DE IGNACIO DE LA LLAVE,2019,5394,179.3424175,103.9006667,7.917884615,3.4825,8.104302789
VERACRUZ DE IGNACIO DE LA LLAVE,2020,4409,174.2485824,107.43,5.287692308,2.300833333,5.498134921
VERACRUZ DE IGNACIO DE LA LLAVE,2021,5158,178.1265025,113.5419167,4.640769231,8.849166667,4.40541502
VERACRUZ DE IGNACIO DE LA LLAVE,2022,4218,179.657302,122.5075,8.278269231,8.866666667,7.656547619
VERACRUZ DE IGNACIO DE LA LLAVE,2023,4020,182.2890547,129.2796667,11.35519231,1.993333333,11.1487251
VERACRUZ DE IGNACIO DE LA LLAVE,2024,5133,177.1874148,135.3845833,10.85283019,6.538333333,10.89749004
VERACRUZ DE IGNACIO DE LA LLAVE,2025,22214,166.6149725,140.5421667,8.154038462,2.839166667,8.410278884
YUCATAN,2016,9642,161.828044,90.12791667,4.358076923,2.350833333,4.16297619
YUCATAN,2017,8195,177.190665,95.573,6.883076923,10.29916667,6.711513944
YUCATAN,2018,12284,179.5748535,100.2553333,7.841320755,8.175833333,7.694342629
YUCATAN,2019,5201,185.0428764,103.9006667,7.917884615,3.4825,8.104302789
YUCATAN,2020,7306,171.5513961,107.43,5.287692308,2.300833333,5.498134921
YUCATAN,2021,10815,187.7203883,113.5419167,4.640769231,8.849166667,4.40541502
YUCATAN,2022,4490,179.2545657,122.5075,8.278269231,8.866666667,7.656547619
YUCATAN,2023,4920,187.2789634,129.2796667,11.35519231,1.993333333,11.1487251
YUCATAN,2024,6463,191.6769302,135.3845833,10.85283019,6.538333333,10.89749004
YUCATAN,2025,22242,175.3395828,140.5421667,8.154038462,2.839166667,8.410278884
ZACATECAS,2016,1803,158.1491958,90.12791667,4.358076923,2.350833333,4.16297619
ZACATECAS,2017,1708,167.6560304,95.573,6.883076923,10.29916667,6.711513944
ZACATECAS,2018,2433,165.3791615,100.2553333,7.841320755,8.175833333,7.694342629
ZACATECAS,2019,2353,174.1102847,103.9006667,7.917884615,3.4825,8.104302789
ZACATECAS,2020,2251,184.7478898,107.43,5.287692308,2.300833333,5.498134921
ZACATECAS,2021,2940,191.7006803,113.5419167,4.640769231,8.849166667,4.40541502
ZACATECAS,2022,974,195.5616016,122.5075,8.278269231,8.866666667,7.656547619
ZACATECAS,2023,803,195.4682441,129.2796667,11.35519231,1.993333333,11.1487251
ZACATECAS,2024,965,195.9352332,135.3845833,10.85283019,6.538333333,10.89749004
ZACATECAS,2025,3071,178.269619,140.5421667,8.154038462,2.839166667,8.410278884
